candidate_strategy,case_count,dataset,mean_compression_time_ms,mean_embedding_time_ms,mean_input_context_tokens,mean_model_ttft_ms,mean_quality_retention,mean_score,mean_score_delta,metric,p50_optimizer_latency_ms,p95_optimizer_latency_ms,quality_retention_ci95,record_type,reference_strategy,score_ci95,score_delta_ci95,strategy,successful_case_count,total_cached_tokens,total_estimated_cost_usd,total_optimizer_latency_ms,total_output_tokens,total_provider_latency_ms
,25,2wikimqa,0.0,0.0,7144.8,894.3898000021,1.0,0.5844444444444444,,qa_f1,6.962799991015345,11.370019993046297,,aggregate,,"{""confidence_level"":0.95,""high"":0.7577777777777778,""low"":0.4222222222222222,""resamples"":1000,""seed"":3631275116}",,full_context,25,13824,0.1243488,171.82420002063736,203,49995.83769997116
,25,2wikimqa,1.0532600025180727,72.21059199888259,6210.56,761.7246479995083,1.0176470588235293,0.6604444444444444,,qa_f1,85.68150000064634,239.3034800072198,,aggregate,,"{""confidence_level"":0.95,""high"":0.8160555555555554,""low"":0.48487777777777774,""resamples"":1000,""seed"":2872541550}",,phase5_full,25,143360,0.0197535,2494.1329000575934,218,48058.319100004155
,25,2wikimqa,0.7747120026033372,64.04160000383854,6210.76,746.1093959969003,0.9235294117647059,0.6284444444444445,,qa_f1,67.99999999930151,164.62685999576928,,aggregate,,"{""confidence_level"":0.95,""high"":0.7818333333333333,""low"":0.45643333333333336,""resamples"":1000,""seed"":1299182176}",,phase5_v040,25,13824,0.10715805,1984.1068000532687,209,46070.87850003154
,25,hotpotqa,0.0,0.0,12323.52,902.2389079991262,1.0,0.7469523809523809,,qa_f1,9.726499993121251,19.85640000202693,"{""confidence_level"":0.95,""high"":1.0,""low"":1.0,""resamples"":1000,""seed"":161027335}",aggregate,,"{""confidence_level"":0.95,""high"":0.880295238095238,""low"":0.5814261904761906,""resamples"":1000,""seed"":161027334}",,full_context,25,31232,0.2085084,271.9198999402579,193,45060.73489997652
,25,hotpotqa,1.2609239993616939,145.0865959969815,7656.84,851.8682999990415,0.7619047619047619,0.5716190476190476,,qa_f1,210.06159999524243,325.0535999948624,"{""confidence_level"":0.95,""high"":0.9523809523809523,""low"":0.555357142857143,""resamples"":1000,""seed"":4294643923}",aggregate,,"{""confidence_level"":0.95,""high"":0.7312809523809524,""low"":0.392,""resamples"":1000,""seed"":4294643922}",,phase5_full,25,178432,0.0232569,4652.562900038902,181,47039.19780001161
,25,hotpotqa,1.5335959999356419,141.9054120022338,7656.12,879.0178359975107,0.8469387755102041,0.6430476190476191,,qa_f1,180.52550000720657,260.0642799923662,"{""confidence_level"":0.95,""high"":1.0080215419501133,""low"":0.6620748299319729,""resamples"":1000,""seed"":1839107594}",aggregate,,"{""confidence_level"":0.95,""high"":0.8106761904761904,""low"":0.47613333333333335,""resamples"":1000,""seed"":1839107593}",,phase5_v040,25,14848,0.1337151,4230.73009995278,192,43952.95609999448
,25,passage_retrieval_en,0.0,0.0,12645.12,903.9948719984386,1.0,1.0,,retrieval,4.508700018050149,8.679280010983346,"{""confidence_level"":0.95,""high"":1.0,""low"":1.0,""resamples"":1000,""seed"":3830328307}",aggregate,,"{""confidence_level"":0.95,""high"":1.0,""low"":1.0,""resamples"":1000,""seed"":3830328306}",,full_context,25,12544,0.23119155,145.3046000970062,175,105717.03369999886
,25,passage_retrieval_en,2.1706680033821613,119.97430400573649,7930.4,839.72403199994,0.88,0.88,,retrieval,152.0524000225123,268.546839983901,"{""confidence_level"":0.95,""high"":1.0,""low"":0.76,""resamples"":1000,""seed"":557296712}",aggregate,,"{""confidence_level"":0.95,""high"":1.0,""low"":0.72,""resamples"":1000,""seed"":557296711}",,phase5_full,25,133120,0.06280575,3925.2406999876257,175,61438.999800011516
,25,passage_retrieval_en,1.7822160001378506,85.5732800019905,7929.64,805.034952001879,0.84,0.84,,retrieval,78.09270001598634,222.93533998890774,"{""confidence_level"":0.95,""high"":0.96,""low"":0.68,""resamples"":1000,""seed"":640584355}",aggregate,,"{""confidence_level"":0.95,""high"":0.96,""low"":0.68,""resamples"":1000,""seed"":640584354}",,phase5_v040,25,61440,0.11119425,2596.1703000066336,175,91605.03950004932
,25,repobench-p,0.0,0.0,8791.391304347826,959.2031130450778,1.0,0.05782608695652174,,code_similarity,3.240999998524785,8.75850000884384,,aggregate,,"{""confidence_level"":0.95,""high"":0.09565217391304348,""low"":0.021695652173913085,""resamples"":1000,""seed"":3204947448}",,full_context,23,24064,0.16063305,90.53699995274656,1469,122887.63569996809
,25,repobench-p,0.3010960016399622,43.06122799986042,6345.08,766.4113200013526,0.23669467787114848,0.0592,,code_similarity,41.820499987807125,187.94609999749787,,aggregate,,"{""confidence_level"":0.95,""high"":0.09441999999999999,""low"":0.026390000000000007,""resamples"":1000,""seed"":2208483144}",,phase5_full,25,171264,0.0311973,1531.842800002778,1600,56969.73730021273
,25,repobench-p,0.6558440008666366,44.30376800009981,6316.68,795.8547720010392,0.35112044817927174,0.046,,code_similarity,41.947800025809556,178.42863998375813,,aggregate,,"{""confidence_level"":0.95,""high"":0.0736,""low"":0.0204,""resamples"":1000,""seed"":319116542}",,phase5_v040,25,17920,0.1341555,1429.9729999911506,1600,48347.256999928504
phase5_full,25,2wikimqa,,,,,,,0.076,qa_f1,,,,paired_comparison,full_context,,"{""confidence_level"":0.95,""high"":0.2,""low"":-0.036,""resamples"":1000,""seed"":1536744944}",,,,,,,
phase5_v040,25,2wikimqa,,,,,,,0.044000000000000004,qa_f1,,,,paired_comparison,full_context,,"{""confidence_level"":0.95,""high"":0.17209999999999992,""low"":-0.06,""resamples"":1000,""seed"":185588114}",,,,,,,
phase5_full,25,2wikimqa,,,,,,,0.032,qa_f1,,,,paired_comparison,phase5_v040,,"{""confidence_level"":0.95,""high"":0.096,""low"":0.0,""resamples"":1000,""seed"":2753214663}",,,,,,,
phase5_full,25,hotpotqa,,,,,,,-0.17533333333333334,qa_f1,,,,paired_comparison,full_context,,"{""confidence_level"":0.95,""high"":-0.0386166666666667,""low"":-0.33999999999999997,""resamples"":1000,""seed"":2979826834}",,,,,,,
phase5_v040,25,hotpotqa,,,,,,,-0.1039047619047619,qa_f1,,,,paired_comparison,full_context,,"{""confidence_level"":0.95,""high"":0.006699999999999977,""low"":-0.23714761904761902,""resamples"":1000,""seed"":2440868556}",,,,,,,
phase5_full,25,hotpotqa,,,,,,,-0.07142857142857142,qa_f1,,,,paired_comparison,phase5_v040,,"{""confidence_level"":0.95,""high"":0.01714285714285714,""low"":-0.2,""resamples"":1000,""seed"":1592626304}",,,,,,,
phase5_full,25,passage_retrieval_en,,,,,,,-0.12,retrieval,,,,paired_comparison,full_context,,"{""confidence_level"":0.95,""high"":0.0,""low"":-0.24099999999999908,""resamples"":1000,""seed"":1885821107}",,,,,,,
phase5_v040,25,passage_retrieval_en,,,,,,,-0.16,retrieval,,,,paired_comparison,full_context,,"{""confidence_level"":0.95,""high"":-0.04,""low"":-0.32,""resamples"":1000,""seed"":1527627683}",,,,,,,
phase5_full,25,passage_retrieval_en,,,,,,,0.04,retrieval,,,,paired_comparison,phase5_v040,,"{""confidence_level"":0.95,""high"":0.16,""low"":-0.08,""resamples"":1000,""seed"":14298935}",,,,,,,
phase5_full,23,repobench-p,,,,,,,0.002608695652173914,code_similarity,,,,paired_comparison,full_context,,"{""confidence_level"":0.95,""high"":0.057402173913043475,""low"":-0.05088043478260869,""resamples"":1000,""seed"":1019047008}",,,,,,,
phase5_v040,23,repobench-p,,,,,,,-0.013478260869565217,code_similarity,,,,paired_comparison,full_context,,"{""confidence_level"":0.95,""high"":0.029576086956521728,""low"":-0.06001086956521738,""resamples"":1000,""seed"":1080386334}",,,,,,,
phase5_full,25,repobench-p,,,,,,,0.013200000000000002,code_similarity,,,,paired_comparison,phase5_v040,,"{""confidence_level"":0.95,""high"":0.036000000000000004,""low"":-0.00720999999999999,""resamples"":1000,""seed"":1240229462}",,,,,,,
