accuracy_by_position,max_min_positional_gap,mean_accuracy,mean_estimated_input_tokens,mean_model_ttft_ms,p50_model_latency_ms,p95_model_latency_ms,positional_std_dev,positional_variance,prediction_count,record_type,strategy,target_context_tokens,total_cached_tokens,total_model_latency_ms,total_output_tokens
"{""25_percent"":1.0,""75_percent"":1.0,""beginning"":1.0,""end"":1.0,""middle"":1.0}",0.0,1.0,,,,,0.0,0.0,,robustness,contextos_position_aware,4096,,,
"{""25_percent"":1.0,""75_percent"":1.0,""beginning"":1.0,""end"":1.0,""middle"":1.0}",0.0,1.0,,,,,0.0,0.0,,robustness,contextos_position_aware,8192,,,
"{""25_percent"":1.0,""75_percent"":1.0,""beginning"":1.0,""end"":1.0,""middle"":1.0}",0.0,1.0,,,,,0.0,0.0,,robustness,contextos_position_aware,16384,,,
"{""25_percent"":1.0,""75_percent"":1.0,""beginning"":1.0,""end"":1.0,""middle"":1.0}",0.0,1.0,,,,,0.0,0.0,,robustness,contextos_position_aware,32768,,,
"{""25_percent"":1.0,""75_percent"":1.0,""beginning"":1.0,""end"":1.0,""middle"":1.0}",0.0,1.0,,,,,0.0,0.0,,robustness,original_full,4096,,,
"{""25_percent"":1.0,""75_percent"":1.0,""beginning"":1.0,""end"":1.0,""middle"":1.0}",0.0,1.0,,,,,0.0,0.0,,robustness,original_full,8192,,,
"{""25_percent"":1.0,""75_percent"":1.0,""beginning"":1.0,""end"":1.0,""middle"":1.0}",0.0,1.0,,,,,0.0,0.0,,robustness,original_full,16384,,,
"{""25_percent"":1.0,""75_percent"":1.0,""beginning"":1.0,""end"":1.0,""middle"":1.0}",0.0,1.0,,,,,0.0,0.0,,robustness,original_full,32768,,,
"{""25_percent"":1.0,""75_percent"":1.0,""beginning"":1.0,""end"":1.0,""middle"":1.0}",0.0,1.0,,,,,0.0,0.0,,robustness,relevance_descending,4096,,,
"{""25_percent"":1.0,""75_percent"":1.0,""beginning"":1.0,""end"":1.0,""middle"":1.0}",0.0,1.0,,,,,0.0,0.0,,robustness,relevance_descending,8192,,,
"{""25_percent"":1.0,""75_percent"":1.0,""beginning"":1.0,""end"":1.0,""middle"":1.0}",0.0,1.0,,,,,0.0,0.0,,robustness,relevance_descending,16384,,,
"{""25_percent"":1.0,""75_percent"":1.0,""beginning"":1.0,""end"":1.0,""middle"":1.0}",0.0,1.0,,,,,0.0,0.0,,robustness,relevance_descending,32768,,,
,,,15325.7,676.7371599984472,12068.801350003923,13015.394219990412,,,20,performance,contextos_position_aware,,302080,238961.13010001136,254
,,,15325.7,954.0826499985997,11911.59945000254,13492.67859501415,,,20,performance,original_full,,47360,233132.0920001308,254
,,,15325.7,705.4043950003688,11807.988400003524,13035.175044991774,,,20,performance,relevance_descending,,99840,234840.9445999423,254
