budget_ratio,case_count,cir_ci95,citation_preservation_rate,constraint_violation_rate,contradiction_leakage_rate,dependency_closure_rate,exact_value_preservation_rate,identifier_preservation_rate,mean_compression_ratio,mean_compression_time_ms,mean_context_reduction,mean_critical_information_recall,mean_embedding_time_ms,mean_input_tokens,mean_model_ttft_ms,mean_quality_retention,mean_task_specific_score,p50_optimizer_latency_ms,p95_optimizer_latency_ms,state_consistency_rate,strategy,successful_case_count,task_score_ci95,total_cached_tokens,total_model_latency_ms,total_optimizer_wall_time_ms,total_output_tokens
0.25,90,"{""confidence_level"":0.95,""high"":1.0,""low"":1.0,""resamples"":1000,""seed"":3562684119}",1.0,0.5555555555555556,1.0,1.0,1.0,1.0,1.0,0.0,0.0,1.0,0.0,63.666666666666664,,1.0,1.0,0.26535001234151423,0.4527450058958492,0.375,full_context,90,"{""confidence_level"":0.95,""high"":1.0,""low"":1.0,""resamples"":1000,""seed"":3562684118}",,,27.09850002429448,
0.25,90,"{""confidence_level"":0.95,""high"":0.13148148148148148,""low"":0.05555555555555555,""resamples"":1000,""seed"":2898727861}",0.0,1.0,0.0,0.0,0.0,0.3333333333333333,6.096877196877197,0.0,0.829170264084817,0.09259259259259259,0.0,11.0,,0.14814814814814814,0.14814814814814814,0.23519998649135232,0.43593499285634596,0.625,last_n,90,"{""confidence_level"":0.95,""high"":0.19444444444444445,""low"":0.10185185185185185,""resamples"":1000,""seed"":2898727860}",,,24.86729994416237,
0.25,90,"{""confidence_level"":0.95,""high"":0.13148148148148148,""low"":0.057361111111111154,""resamples"":1000,""seed"":2531488756}",0.0,1.0,0.0,0.0,0.0,0.3333333333333333,6.096877196877197,0.0,0.829170264084817,0.09259259259259259,0.22085444523125058,11.0,,0.14814814814814814,0.14814814814814814,0.6199999916134402,1.1214349913643673,0.625,naive_extractive,90,"{""confidence_level"":0.95,""high"":0.1925925925925926,""low"":0.10555555555555556,""resamples"":1000,""seed"":2531488755}",,,63.01249997341074,
0.25,90,,0.0,1.0,0.0,,0.0,0.0,,0.0,0.0,0.0,0.0,0.0,,,0.0,0.0,0.0,0.625,phase5_full,0,,,,58.64699985249899,
0.25,90,,0.0,1.0,0.0,,0.0,0.0,,0.0,0.0,0.0,0.0,0.0,,,0.0,0.0,0.0,0.625,phase5_hard_relations,0,,,,53.895599965471774,
0.25,90,,0.0,1.0,0.0,,0.0,0.0,,0.0,0.0,0.0,0.0,0.0,,,0.0,0.0,0.0,0.625,phase5_omission_risk,0,,,,60.76009993557818,
0.25,90,,0.0,1.0,0.0,,0.0,0.0,,0.0,0.0,0.0,0.0,0.0,,,0.0,0.0,0.0,0.625,phase5_preservation_contracts,0,,,,61.57369998982176,
0.25,90,,0.0,1.0,0.0,,0.0,0.0,,0.0,0.0,0.0,0.0,0.0,,,0.0,0.0,0.0,0.625,phase5_v040,0,,,,29.69269989989698,
0.25,90,,0.0,1.0,0.0,,0.0,0.0,,0.0,0.0,0.0,0.0,0.0,,,0.0,0.0,0.0,0.625,phase5_validated_transformations,0,,,,58.96289998781867,
0.25,90,"{""confidence_level"":0.95,""high"":0.12962962962962962,""low"":0.05740740740740741,""resamples"":1000,""seed"":2168120663}",0.0,1.0,0.0,0.0,0.0,0.3333333333333333,6.096877196877197,0.0,0.829170264084817,0.09259259259259259,0.3158177779470053,11.0,,0.14814814814814814,0.14814814814814814,0.5302000063238665,0.8660950203193349,0.625,relevance_only,90,"{""confidence_level"":0.95,""high"":0.1962962962962963,""low"":0.10555555555555556,""resamples"":1000,""seed"":2168120662}",,,53.17810017731972,
0.25,90,"{""confidence_level"":0.95,""high"":0.12777777777777777,""low"":0.05740740740740741,""resamples"":1000,""seed"":3689998551}",0.0,1.0,0.0,0.0,0.0,0.3333333333333333,6.096877196877197,0.0,0.829170264084817,0.09259259259259259,0.0,11.0,,0.14814814814814814,0.14814814814814814,0.22899999748915434,0.3841450117761269,0.625,sliding_window,90,"{""confidence_level"":0.95,""high"":0.19444444444444445,""low"":0.1037037037037037,""resamples"":1000,""seed"":3689998550}",,,22.261900128796697,
0.35,90,"{""confidence_level"":0.95,""high"":1.0,""low"":1.0,""resamples"":1000,""seed"":3562684119}",1.0,0.5555555555555556,1.0,1.0,1.0,1.0,1.0,0.0,0.0,1.0,0.0,63.666666666666664,,1.0,1.0,0.27224999212194234,0.5489599861903116,0.375,full_context,90,"{""confidence_level"":0.95,""high"":1.0,""low"":1.0,""resamples"":1000,""seed"":3562684118}",,,29.403700027614832,
0.35,90,"{""confidence_level"":0.95,""high"":0.13148148148148148,""low"":0.05555555555555555,""resamples"":1000,""seed"":2898727861}",0.0,1.0,0.0,0.0,0.0,0.3333333333333333,4.091240575679935,0.0,0.7245903098524298,0.09259259259259259,0.0,17.666666666666668,,0.14814814814814814,0.14814814814814814,0.23104999854695052,0.399999986984767,0.625,last_n,90,"{""confidence_level"":0.95,""high"":0.19444444444444445,""low"":0.10185185185185185,""resamples"":1000,""seed"":2898727860}",,,25.546400051098317,
0.35,90,"{""confidence_level"":0.95,""high"":0.3167129629629629,""low"":0.16666666666666666,""resamples"":1000,""seed"":2531488756}",0.0,0.8888888888888888,0.0,0.08333333333333333,0.3333333333333333,0.38571428571428573,3.030955950893433,0.0,0.6674470295376952,0.24074074074074073,0.2326155540585104,21.333333333333332,,0.3,0.3,0.6543499912368134,1.5825050111743617,0.5,naive_extractive,90,"{""confidence_level"":0.95,""high"":0.3722685185185185,""low"":0.22773148148148153,""resamples"":1000,""seed"":2531488755}",,,71.01199994212948,
0.35,90,,0.0,1.0,0.0,,0.0,0.0,,0.0,0.0,0.0,0.0,0.0,,,0.0,0.0,0.0,0.625,phase5_full,0,,,,73.30850008293055,
0.35,90,,0.0,1.0,0.0,,0.0,0.0,,0.0,0.0,0.0,0.0,0.0,,,0.0,0.0,0.0,0.625,phase5_hard_relations,0,,,,69.57820008392446,
0.35,90,,0.0,1.0,0.0,,0.0,0.0,,0.0,0.0,0.0,0.0,0.0,,,0.0,0.0,0.0,0.625,phase5_omission_risk,0,,,,69.96200018329546,
0.35,90,,0.0,1.0,0.0,,0.0,0.0,,0.0,0.0,0.0,0.0,0.0,,,0.0,0.0,0.0,0.625,phase5_preservation_contracts,0,,,,73.73930016183294,
0.35,90,,0.0,1.0,0.0,0.0,0.0,0.0,2.814814814814815,0.017260000458918512,0.6447368421052632,0.0,0.516190001508221,27.0,,0.0,0.0,1.2823500001104549,2.0563299985951744,0.625,phase5_v040,10,,,,39.67460014973767,
0.35,90,,0.0,1.0,0.0,,0.0,0.0,,0.0,0.0,0.0,0.0,0.0,,,0.0,0.0,0.0,0.625,phase5_validated_transformations,0,,,,72.0646999834571,
0.35,90,"{""confidence_level"":0.95,""high"":0.3167129629629629,""low"":0.16847222222222225,""resamples"":1000,""seed"":2168120663}",0.0,0.8888888888888888,0.0,0.08333333333333333,0.3333333333333333,0.38571428571428573,3.030955950893433,0.0,0.6674470295376952,0.24074074074074073,0.28809111132027787,21.333333333333332,,0.3,0.3,0.538249994860962,0.8833099898765793,0.5,relevance_only,90,"{""confidence_level"":0.95,""high"":0.37037037037037035,""low"":0.2222222222222222,""resamples"":1000,""seed"":2168120662}",,,52.273700188379735,
0.35,90,"{""confidence_level"":0.95,""high"":0.12777777777777777,""low"":0.05740740740740741,""resamples"":1000,""seed"":3689998551}",0.0,1.0,0.0,0.0,0.0,0.3333333333333333,6.096877196877197,0.0,0.829170264084817,0.09259259259259259,0.0,11.0,,0.14814814814814814,0.14814814814814814,0.22634999186266214,0.4318599996622652,0.625,sliding_window,90,"{""confidence_level"":0.95,""high"":0.19444444444444445,""low"":0.1037037037037037,""resamples"":1000,""seed"":3689998550}",,,23.86689992272295,
0.5,90,"{""confidence_level"":0.95,""high"":1.0,""low"":1.0,""resamples"":1000,""seed"":3562684119}",1.0,0.5555555555555556,1.0,1.0,1.0,1.0,1.0,0.0,0.0,1.0,0.0,63.666666666666664,,1.0,1.0,0.2800999936880544,0.5242749844910576,0.375,full_context,90,"{""confidence_level"":0.95,""high"":1.0,""low"":1.0,""resamples"":1000,""seed"":3562684118}",,,28.853199910372496,
0.5,90,"{""confidence_level"":0.95,""high"":0.13148148148148148,""low"":0.05555555555555555,""resamples"":1000,""seed"":2898727861}",0.0,1.0,0.0,0.0,0.0,0.3380952380952381,2.679844629659593,0.0,0.6211317631777753,0.09259259259259259,0.0,24.133333333333333,,0.15185185185185185,0.15185185185185185,0.23090001195669174,0.40865499759092927,0.525,last_n,90,"{""confidence_level"":0.95,""high"":0.19999999999999998,""low"":0.10555555555555556,""resamples"":1000,""seed"":2898727860}",,,23.789200058672577,
0.5,90,"{""confidence_level"":0.95,""high"":0.6111111111111112,""low"":0.4222222222222222,""resamples"":1000,""seed"":2531488756}",0.0,0.6666666666666666,0.25,0.6111111111111112,1.0,0.5238095238095238,2.2858435824214225,0.0,0.5586558791769582,0.5185185185185185,0.21284555518327075,28.11111111111111,,0.5740740740740741,0.5740740740740741,0.6473499961430207,1.274144985654857,0.5,naive_extractive,90,"{""confidence_level"":0.95,""high"":0.6666666666666666,""low"":0.47962962962962963,""resamples"":1000,""seed"":2531488755}",,,67.83950005774386,
0.5,90,,0.0,1.0,0.0,,0.0,0.0,,0.0,0.0,0.0,0.0,0.0,,,0.0,0.0,0.0,0.625,phase5_full,0,,,,180.37540011573583,
0.5,90,"{""confidence_level"":0.95,""high"":0.0,""low"":0.0,""resamples"":1000,""seed"":1664593732}",0.0,1.0,0.0,,0.0,0.14285714285714285,2.2731664470794906,0.014276666721949974,0.5597109913147649,0.0,0.44223332952242345,24.0,,0.16666666666666666,0.16666666666666666,1.754049997543916,3.459860000293701,0.625,phase5_hard_relations,30,"{""confidence_level"":0.95,""high"":0.25,""low"":0.08333333333333333,""resamples"":1000,""seed"":1664593731}",,,175.32079998636618,
0.5,90,,0.0,1.0,0.0,,0.0,0.0,,0.0,0.0,0.0,0.0,0.0,,,0.0,0.0,0.0,0.625,phase5_omission_risk,0,,,,141.5462999138981,
0.5,90,,0.0,1.0,0.0,,0.0,0.0,,0.0,0.0,0.0,0.0,0.0,,,0.0,0.0,0.0,0.625,phase5_preservation_contracts,0,,,,149.68100006808527,
0.5,90,"{""confidence_level"":0.95,""high"":0.13148148148148148,""low"":0.05555555555555555,""resamples"":1000,""seed"":3753168688}",0.0,1.0,0.0,0.0,0.0,0.3333333333333333,2.3606852035406574,0.04333444521762431,0.573291678705556,0.09259259259259259,0.5436144449049607,27.0,,0.14814814814814814,0.14814814814814814,1.3714499946217984,2.608939990750513,0.625,phase5_v040,90,"{""confidence_level"":0.95,""high"":0.19444444444444445,""low"":0.1037037037037037,""resamples"":1000,""seed"":3753168687}",,,140.18889973522164,
0.5,90,,0.0,1.0,0.0,,0.0,0.0,,0.0,0.0,0.0,0.0,0.0,,,0.0,0.0,0.0,0.625,phase5_validated_transformations,0,,,,135.85200003581122,
0.5,90,"{""confidence_level"":0.95,""high"":0.6148148148148148,""low"":0.4185185185185185,""resamples"":1000,""seed"":2168120663}",0.0,0.6666666666666666,0.25,0.6111111111111112,1.0,0.5238095238095238,2.2858435824214225,0.0,0.5586558791769582,0.5185185185185185,0.2806411111830837,28.11111111111111,,0.5740740740740741,0.5740740740740741,0.4954000032739714,0.9313399947131984,0.5,relevance_only,90,"{""confidence_level"":0.95,""high"":0.662962962962963,""low"":0.47962962962962963,""resamples"":1000,""seed"":2168120662}",,,50.763700070092455,
0.5,90,"{""confidence_level"":0.95,""high"":0.12777777777777777,""low"":0.05740740740740741,""resamples"":1000,""seed"":3689998551}",0.0,1.0,0.0,0.0,0.0,0.3333333333333333,6.096877196877197,0.0,0.829170264084817,0.09259259259259259,0.0,11.0,,0.14814814814814814,0.14814814814814814,0.2263000060338527,0.39421499823220074,0.625,sliding_window,90,"{""confidence_level"":0.95,""high"":0.19444444444444445,""low"":0.1037037037037037,""resamples"":1000,""seed"":3689998550}",,,22.322700009681284,
0.65,90,"{""confidence_level"":0.95,""high"":1.0,""low"":1.0,""resamples"":1000,""seed"":3562684119}",1.0,0.5555555555555556,1.0,1.0,1.0,1.0,1.0,0.0,0.0,1.0,0.0,63.666666666666664,,1.0,1.0,0.2929500042228028,0.6602250025025564,0.375,full_context,90,"{""confidence_level"":0.95,""high"":1.0,""low"":1.0,""resamples"":1000,""seed"":3562684118}",,,32.45779999997467,
0.65,90,"{""confidence_level"":0.95,""high"":0.2833333333333333,""low"":0.1388888888888889,""resamples"":1000,""seed"":2898727861}",0.0,0.9222222222222223,0.05,0.058333333333333334,0.1,0.4,1.869262927516899,0.0,0.4509792284060226,0.2074074074074074,0.0,35.03333333333333,,0.25,0.25,0.22765000176150352,0.40227498830063263,0.6125,last_n,90,"{""confidence_level"":0.95,""high"":0.31851851851851853,""low"":0.17777777777777778,""resamples"":1000,""seed"":2898727860}",,,23.047000111546367,
0.65,90,"{""confidence_level"":0.95,""high"":0.8666666666666667,""low"":0.6888888888888889,""resamples"":1000,""seed"":2531488756}",1.0,0.5555555555555556,0.75,0.8333333333333334,1.0,0.719047619047619,1.734418119294799,0.0,0.4185816268254562,0.7777777777777778,0.20619000036579868,37.22222222222222,,0.7814814814814814,0.7814814814814814,0.638849989627488,0.996939989272505,0.5,naive_extractive,90,"{""confidence_level"":0.95,""high"":0.8630555555555555,""low"":0.6925925925925925,""resamples"":1000,""seed"":2531488755}",,,63.41889998293482,
0.65,90,"{""confidence_level"":0.95,""high"":1.0,""low"":1.0,""resamples"":1000,""seed"":1626322320}",1.0,0.5555555555555556,0.0,1.0,0.3333333333333333,0.42857142857142855,1.6154958722242154,0.01179000100819394,0.38084374352063033,1.0,0.39161249878816307,35.5,,1.0,1.0,1.8909999926108867,3.164959991408977,1.0,phase5_full,40,"{""confidence_level"":0.95,""high"":1.0,""low"":1.0,""resamples"":1000,""seed"":1626322319}",,,205.19190005143173,
0.65,90,"{""confidence_level"":0.95,""high"":1.0,""low"":1.0,""resamples"":1000,""seed"":1664593732}",1.0,0.5555555555555556,0.0,1.0,0.3333333333333333,0.42857142857142855,1.6154958722242154,0.012037499254802242,0.38084374352063033,1.0,0.42542000010143965,35.5,,1.0,1.0,1.7507500015199184,3.3692400131258182,1.0,phase5_hard_relations,40,"{""confidence_level"":0.95,""high"":1.0,""low"":1.0,""resamples"":1000,""seed"":1664593731}",,,179.72540014307015,
0.65,90,"{""confidence_level"":0.95,""high"":1.0,""low"":1.0,""resamples"":1000,""seed"":2195316439}",1.0,0.5555555555555556,0.0,1.0,0.3333333333333333,0.42857142857142855,1.6154958722242154,0.012442499428289011,0.38084374352063033,1.0,0.4379225028969813,35.5,,1.0,1.0,1.9913499854737893,3.298335001454685,1.0,phase5_omission_risk,40,"{""confidence_level"":0.95,""high"":1.0,""low"":1.0,""resamples"":1000,""seed"":2195316438}",,,206.1110997456126,
0.65,90,"{""confidence_level"":0.95,""high"":1.0,""low"":1.0,""resamples"":1000,""seed"":4292120295}",1.0,0.5555555555555556,0.0,1.0,0.3333333333333333,0.42857142857142855,1.6154958722242154,0.01331999956164509,0.38084374352063033,1.0,0.4269225013558753,35.5,,1.0,1.0,2.0740000036312267,3.2943299855105574,1.0,phase5_preservation_contracts,40,"{""confidence_level"":0.95,""high"":1.0,""low"":1.0,""resamples"":1000,""seed"":4292120294}",,,192.30059991241433,
0.65,90,"{""confidence_level"":0.95,""high"":0.618611111111111,""low"":0.4148148148148148,""resamples"":1000,""seed"":3753168688}",1.0,0.6666666666666666,0.0,0.16666666666666666,0.0,0.7428571428571429,1.7403430292039943,0.06605555471550259,0.42298188559687055,0.5185185185185185,0.5137577775814053,36.55555555555556,,0.5222222222222223,0.5222222222222223,1.3585500128101557,2.814210012729745,0.75,phase5_v040,90,"{""confidence_level"":0.95,""high"":0.6148148148148148,""low"":0.42592592592592593,""resamples"":1000,""seed"":3753168687}",,,137.80400026007555,
0.65,90,"{""confidence_level"":0.95,""high"":1.0,""low"":1.0,""resamples"":1000,""seed"":3117640061}",1.0,0.5555555555555556,0.0,1.0,0.3333333333333333,0.42857142857142855,1.6154958722242154,0.012784995487891138,0.38084374352063033,1.0,0.4182825010502711,35.5,,1.0,1.0,1.8666000105440617,3.501264999795239,1.0,phase5_validated_transformations,40,"{""confidence_level"":0.95,""high"":1.0,""low"":1.0,""resamples"":1000,""seed"":3117640060}",,,199.29590018000454,
0.65,90,"{""confidence_level"":0.95,""high"":0.8666666666666667,""low"":0.6888888888888889,""resamples"":1000,""seed"":2168120663}",1.0,0.5555555555555556,0.75,0.8333333333333334,1.0,0.719047619047619,1.734418119294799,0.0,0.4185816268254562,0.7777777777777778,0.25533222263523686,37.22222222222222,,0.7814814814814814,0.7814814814814814,0.45125000178813934,0.9318949931184761,0.5,relevance_only,90,"{""confidence_level"":0.95,""high"":0.8629629629629629,""low"":0.6888888888888889,""resamples"":1000,""seed"":2168120662}",,,48.028499993961304,
0.65,90,"{""confidence_level"":0.95,""high"":0.12777777777777777,""low"":0.05740740740740741,""resamples"":1000,""seed"":3689998551}",0.0,1.0,0.0,0.0,0.0,0.3333333333333333,6.096877196877197,0.0,0.829170264084817,0.09259259259259259,0.0,11.0,,0.14814814814814814,0.14814814814814814,0.2153999957954511,0.39977000851649785,0.625,sliding_window,90,"{""confidence_level"":0.95,""high"":0.19444444444444445,""low"":0.1037037037037037,""resamples"":1000,""seed"":3689998550}",,,23.703399929217994,
0.8,90,"{""confidence_level"":0.95,""high"":1.0,""low"":1.0,""resamples"":1000,""seed"":3562684119}",1.0,0.5555555555555556,1.0,1.0,1.0,1.0,1.0,0.0,0.0,1.0,0.0,63.666666666666664,,1.0,1.0,0.2925000007962808,0.5294799964758565,0.375,full_context,90,"{""confidence_level"":0.95,""high"":1.0,""low"":1.0,""resamples"":1000,""seed"":3562684118}",,,29.995499964570627,
0.8,90,"{""confidence_level"":0.95,""high"":0.5037037037037037,""low"":0.32407407407407407,""resamples"":1000,""seed"":2898727861}",0.2,0.8,0.2,0.2777777777777778,0.23333333333333334,0.5190476190476191,1.3698121004992496,0.0,0.26546233215994863,0.4148148148148148,0.0,46.922222222222224,,0.4148148148148148,0.4148148148148148,0.22635000641457736,0.3963700044550933,0.5,last_n,90,"{""confidence_level"":0.95,""high"":0.512962962962963,""low"":0.32037037037037036,""resamples"":1000,""seed"":2898727860}",,,24.463199981255457,
0.8,90,"{""confidence_level"":0.95,""high"":0.9148148148148149,""low"":0.7814814814814814,""resamples"":1000,""seed"":2531488756}",1.0,0.7777777777777778,1.0,0.7777777777777778,1.0,0.8142857142857143,1.3578048167359502,0.0,0.2590191819023304,0.8518518518518519,0.213558887804134,47.0,,0.8555555555555555,0.8555555555555555,0.6616999889956787,1.123359995835926,0.375,naive_extractive,90,"{""confidence_level"":0.95,""high"":0.9111111111111111,""low"":0.7851851851851852,""resamples"":1000,""seed"":2531488755}",,,65.41879993164912,
0.8,90,"{""confidence_level"":0.95,""high"":1.0,""low"":1.0,""resamples"":1000,""seed"":1626322320}",1.0,0.1111111111111111,0.0,1.0,1.0,0.8571428571428571,1.489672803589228,0.13332500020624138,0.3238048501510335,1.0,0.602802499270183,42.625,,1.0,1.0,2.4666499957675114,5.735820012341718,1.0,phase5_full,80,"{""confidence_level"":0.95,""high"":1.0,""low"":1.0,""resamples"":1000,""seed"":1626322319}",,,259.8741000692826,
0.8,90,"{""confidence_level"":0.95,""high"":1.0,""low"":1.0,""resamples"":1000,""seed"":1664593732}",1.0,0.1111111111111111,0.0,1.0,1.0,0.8571428571428571,1.489672803589228,0.10253125074086711,0.3238048501510335,1.0,0.5896987484447891,42.625,,1.0,1.0,2.40615000075195,4.787854987080207,1.0,phase5_hard_relations,80,"{""confidence_level"":0.95,""high"":1.0,""low"":1.0,""resamples"":1000,""seed"":1664593731}",,,352.89229988120496,
0.8,90,"{""confidence_level"":0.95,""high"":1.0,""low"":1.0,""resamples"":1000,""seed"":2195316439}",1.0,0.1111111111111111,0.0,1.0,1.0,0.8571428571428571,1.489672803589228,0.1440200001525227,0.3238048501510335,1.0,0.6197562488523545,42.625,,1.0,1.0,2.5531499995850027,5.674359983822796,1.0,phase5_omission_risk,80,"{""confidence_level"":0.95,""high"":1.0,""low"":1.0,""resamples"":1000,""seed"":2195316438}",,,266.60889998311177,
0.8,90,"{""confidence_level"":0.95,""high"":1.0,""low"":1.0,""resamples"":1000,""seed"":4292120295}",1.0,0.1111111111111111,0.0,1.0,1.0,0.8571428571428571,1.489672803589228,0.11339374868839514,0.3238048501510335,1.0,0.5541000002267538,42.625,,1.0,1.0,2.208799996878952,4.60170000733342,1.0,phase5_preservation_contracts,80,"{""confidence_level"":0.95,""high"":1.0,""low"":1.0,""resamples"":1000,""seed"":4292120294}",,,245.64849989837967,
0.8,90,"{""confidence_level"":0.95,""high"":0.8555555555555555,""low"":0.6888888888888889,""resamples"":1000,""seed"":3753168688}",1.0,0.7777777777777778,1.0,0.5833333333333334,0.6666666666666666,0.861904761904762,1.3827204431065203,0.07980888638283229,0.271986909146428,0.7777777777777778,0.5185000003418989,46.111111111111114,,0.7814814814814814,0.7814814814814814,1.4715000143041834,2.460430002247449,0.625,phase5_v040,90,"{""confidence_level"":0.95,""high"":0.8592592592592593,""low"":0.6999074074074074,""resamples"":1000,""seed"":3753168687}",,,140.6692999880761,
0.8,90,"{""confidence_level"":0.95,""high"":1.0,""low"":1.0,""resamples"":1000,""seed"":3117640061}",1.0,0.1111111111111111,0.0,1.0,1.0,0.8571428571428571,1.489672803589228,0.14030374986759853,0.3238048501510335,1.0,0.5722074958612211,42.625,,1.0,1.0,2.5342500011902303,5.070409995096268,1.0,phase5_validated_transformations,80,"{""confidence_level"":0.95,""high"":1.0,""low"":1.0,""resamples"":1000,""seed"":3117640060}",,,248.32419995800592,
0.8,90,"{""confidence_level"":0.95,""high"":0.9111111111111111,""low"":0.7850925925925927,""resamples"":1000,""seed"":2168120663}",1.0,0.7777777777777778,1.0,0.7777777777777778,1.0,0.8142857142857143,1.3578048167359502,0.0,0.2590191819023304,0.8518518518518519,0.2648933347599167,47.0,,0.8555555555555555,0.8555555555555555,0.4810499958693981,1.0533150096307504,0.375,relevance_only,90,"{""confidence_level"":0.95,""high"":0.9185185185185185,""low"":0.7888888888888889,""resamples"":1000,""seed"":2168120662}",,,49.79820002336055,
0.8,90,"{""confidence_level"":0.95,""high"":0.12777777777777777,""low"":0.05740740740740741,""resamples"":1000,""seed"":3689998551}",0.0,1.0,0.0,0.0,0.0,0.3333333333333333,6.096877196877197,0.0,0.829170264084817,0.09259259259259259,0.0,11.0,,0.14814814814814814,0.14814814814814814,0.22149999858811498,0.36612499388866127,0.625,sliding_window,90,"{""confidence_level"":0.95,""high"":0.19444444444444445,""low"":0.1037037037037037,""resamples"":1000,""seed"":3689998550}",,,22.20729985856451,
1.0,90,"{""confidence_level"":0.95,""high"":1.0,""low"":1.0,""resamples"":1000,""seed"":3562684119}",1.0,0.5555555555555556,1.0,1.0,1.0,1.0,1.0,0.0,0.0,1.0,0.0,63.666666666666664,,1.0,1.0,0.3001000004587695,0.6126599924755283,0.375,full_context,90,"{""confidence_level"":0.95,""high"":1.0,""low"":1.0,""resamples"":1000,""seed"":3562684118}",,,32.288000045809895,
1.0,90,"{""confidence_level"":0.95,""high"":1.0,""low"":1.0,""resamples"":1000,""seed"":2898727861}",1.0,0.5555555555555556,1.0,1.0,1.0,1.0,1.0,0.0,0.0,1.0,0.0,63.666666666666664,,1.0,1.0,0.22804999025538564,0.42892999481409777,0.375,last_n,90,"{""confidence_level"":0.95,""high"":1.0,""low"":1.0,""resamples"":1000,""seed"":2898727860}",,,24.07549985218793,
1.0,90,"{""confidence_level"":0.95,""high"":1.0,""low"":1.0,""resamples"":1000,""seed"":2531488756}",1.0,0.5555555555555556,1.0,1.0,1.0,1.0,1.0,0.0,0.0,1.0,0.23007777700614598,63.666666666666664,,1.0,1.0,0.6659000064246356,1.2984049972146745,0.375,naive_extractive,90,"{""confidence_level"":0.95,""high"":1.0,""low"":1.0,""resamples"":1000,""seed"":2531488755}",,,73.39809986297041,
1.0,90,"{""confidence_level"":0.95,""high"":1.0,""low"":1.0,""resamples"":1000,""seed"":1626322320}",1.0,0.0,0.0,1.0,1.0,1.0,1.095705108402585,0.006844445468030042,0.0811907747026134,1.0,0.47802333105614203,58.888888888888886,,1.0,1.0,2.2710499906679615,4.0768950144411065,1.0,phase5_full,90,"{""confidence_level"":0.95,""high"":1.0,""low"":1.0,""resamples"":1000,""seed"":1626322319}",,,222.22630007308908,
1.0,90,"{""confidence_level"":0.95,""high"":1.0,""low"":1.0,""resamples"":1000,""seed"":1664593732}",1.0,0.0,0.0,1.0,1.0,1.0,1.095705108402585,0.008231114932439394,0.0811907747026134,1.0,0.5546877784783848,58.888888888888886,,1.0,1.0,2.023900000494905,3.85442999395309,1.0,phase5_hard_relations,90,"{""confidence_level"":0.95,""high"":1.0,""low"":1.0,""resamples"":1000,""seed"":1664593731}",,,209.70609987853095,
1.0,90,"{""confidence_level"":0.95,""high"":1.0,""low"":1.0,""resamples"":1000,""seed"":2195316439}",1.0,0.0,0.0,1.0,1.0,1.0,1.095705108402585,0.006973330811080005,0.0811907747026134,1.0,0.5112899997685518,58.888888888888886,,1.0,1.0,2.1432000066852197,4.226210004708263,1.0,phase5_omission_risk,90,"{""confidence_level"":0.95,""high"":1.0,""low"":1.0,""resamples"":1000,""seed"":2195316438}",,,227.78370007290505,
1.0,90,"{""confidence_level"":0.95,""high"":1.0,""low"":1.0,""resamples"":1000,""seed"":4292120295}",1.0,0.0,0.0,1.0,1.0,1.0,1.095705108402585,0.00841555690082411,0.0811907747026134,1.0,0.4998666645001827,58.888888888888886,,1.0,1.0,2.0691500103566796,3.992425002797972,1.0,phase5_preservation_contracts,90,"{""confidence_level"":0.95,""high"":1.0,""low"":1.0,""resamples"":1000,""seed"":4292120294}",,,216.32639999734238,
1.0,90,"{""confidence_level"":0.95,""high"":1.0,""low"":1.0,""resamples"":1000,""seed"":3753168688}",1.0,0.5555555555555556,1.0,1.0,1.0,1.0,1.0,0.008364444753775993,0.0,1.0,0.5239411092285687,63.666666666666664,,1.0,1.0,1.4706000074511394,2.366190006432589,0.375,phase5_v040,90,"{""confidence_level"":0.95,""high"":1.0,""low"":1.0,""resamples"":1000,""seed"":3753168687}",,,145.96600021468475,
1.0,90,"{""confidence_level"":0.95,""high"":1.0,""low"":1.0,""resamples"":1000,""seed"":3117640061}",1.0,0.0,0.0,1.0,1.0,1.0,1.095705108402585,0.007458889417143332,0.0811907747026134,1.0,0.5025488929176289,58.888888888888886,,1.0,1.0,1.9439500028965995,3.967624988581519,1.0,phase5_validated_transformations,90,"{""confidence_level"":0.95,""high"":1.0,""low"":1.0,""resamples"":1000,""seed"":3117640060}",,,207.78979986789636,
1.0,90,"{""confidence_level"":0.95,""high"":1.0,""low"":1.0,""resamples"":1000,""seed"":2168120663}",1.0,0.5555555555555556,1.0,1.0,1.0,1.0,1.0,0.0,0.0,1.0,0.27729999985442394,63.666666666666664,,1.0,1.0,0.48410000454168767,0.9905100014293566,0.375,relevance_only,90,"{""confidence_level"":0.95,""high"":1.0,""low"":1.0,""resamples"":1000,""seed"":2168120662}",,,50.78219989081845,
1.0,90,"{""confidence_level"":0.95,""high"":0.12777777777777777,""low"":0.05740740740740741,""resamples"":1000,""seed"":3689998551}",0.0,1.0,0.0,0.0,0.0,0.3333333333333333,6.096877196877197,0.0,0.829170264084817,0.09259259259259259,0.0,11.0,,0.14814814814814814,0.14814814814814814,0.22555000032298267,0.4788049904163926,0.625,sliding_window,90,"{""confidence_level"":0.95,""high"":0.19444444444444445,""low"":0.1037037037037037,""resamples"":1000,""seed"":3689998550}",,,24.601499899290502,
