answer_constraint_violation_rate,case_count,category,mean_compression_time_ms,mean_context_reduction,mean_embedding_time_ms,mean_exact_value_preservation_rate,mean_input_context_tokens,mean_model_ttft_ms,mean_task_score,p50_optimizer_latency_ms,p50_provider_latency_ms,p95_optimizer_latency_ms,p95_provider_latency_ms,selection_constraint_violation_rate,strategy,successful_case_count,total_cached_tokens,total_estimated_cost_usd,total_output_tokens,total_provider_latency_ms
0.0,90,all,0.0,0.0,0.0,1.0,63.666666666666664,702.6406088879513,1.0,0.2757500042207539,970.1704500039341,0.4401400001370347,1522.7532099990638,0.5555555555555556,full_context,90,0,0.019543500000000002,1348,94804.62689991691
0.0,10,dependency,0.0,0.0,0.0,1.0,68.0,861.572500001057,1.0,0.2750999992713332,1016.9447000080254,0.3553249960532411,2339.9299950091518,1.0,full_context,10,0,0.0022515,142,12707.884000032209
0.0,10,supersession,0.0,0.0,0.0,1.0,48.0,725.732289996813,1.0,0.2604500186862424,969.8339499882422,0.2884750108933076,1389.6446849961646,1.0,full_context,10,0,0.0017025,80,10207.889999932377
0.0,10,contradiction,0.0,0.0,0.0,1.0,53.0,696.9197799975518,1.0,0.34154998138546944,1015.7387000072049,0.43064499332103867,1170.8897150165285,1.0,full_context,10,0,0.0016425,60,9936.95580001804
0.0,10,exact_numeric,0.0,0.0,0.0,1.0,76.0,636.9040500023402,1.0,0.2699000033317134,982.8747499996098,0.2941799830296077,1229.7711300008812,0.0,full_context,10,0,0.002775,270,10237.509999977192
0.0,10,identifier,0.0,0.0,0.0,1.0,66.0,666.7419900011737,1.0,0.2727999963099137,976.1438499990618,0.27625500806607306,1406.2372750136997,0.0,full_context,10,0,0.0023924999999999997,200,10487.9206000478
0.0,10,negation_policy,0.0,0.0,0.0,1.0,63.0,702.0243700040737,1.0,0.27150001551490277,948.0877499881899,0.2806450123898685,1534.87725998566,1.0,full_context,10,0,0.0022575,170,10651.509999937844
0.0,10,tool_state,0.0,0.0,0.0,1.0,63.0,766.254009999102,1.0,0.2871000033337623,1112.188499988406,0.6405249951058067,1491.8112149971419,1.0,full_context,10,0,0.0018900000000000002,90,11335.17349997419
0.0,10,citation_evidence,0.0,0.0,0.0,1.0,65.0,631.984979994013,1.0,0.2847499999916181,932.7380499889841,0.5347550017177123,1183.8701349915937,0.0,full_context,10,0,0.0023145,186,9729.674999980489
0.0,10,multi_hop,0.0,0.0,0.0,1.0,71.0,635.6315099954372,1.0,0.3172499855281785,917.3680000094464,0.3821550024440511,1173.1766950018937,0.0,full_context,10,0,0.0023175,150,9510.108000016771
0.0,90,all,0.00575444460587783,0.0811907747026134,0.4261088890618541,1.0,58.888888888888886,687.9013166656174,1.0,1.9835500133922324,943.9265999972122,3.269170000567101,1388.3357000086105,0.0,phase5_full,90,0,0.0186795,1321,91229.66019998421
0.0,10,dependency,0.005330002750270069,0.13235294117647056,0.44702999584842473,1.0,59.0,672.5060800003121,1.0,2.075600015814416,903.9864999940619,3.558715005055999,1242.5340100046012,0.0,phase5_full,10,0,0.0020025,120,9757.574399991427
0.0,10,supersession,0.0048900023102760315,0.14583333333333337,0.3072400140808895,1.0,41.0,668.0346200009808,1.0,1.738250008202158,942.7388999902178,2.2565350082004434,1278.378019997035,0.0,phase5_full,10,0,0.00156,80,9959.889199963072
0.0,10,contradiction,0.005529998452402651,0.15094339622641506,0.34726999001577497,1.0,45.0,669.0403699991293,1.0,1.8754500051727518,902.2616499860305,2.6651499967556447,1236.9171550031751,0.0,phase5_full,10,0,0.0014925,60,9575.50390000688
0.0,10,exact_numeric,0.005120004061609507,0.0,0.4037800041260198,1.0,76.0,705.4134599980898,1.0,1.966949988855049,1101.7046499910066,2.0981099965865724,1444.5906949971682,0.0,phase5_full,10,0,0.0027345000000000004,261,11112.495599983959
0.0,10,identifier,0.006159994518384337,0.0,0.4161099874181673,1.0,66.0,621.2773299921537,1.0,1.9854000129271299,928.5419999941951,2.104230005352292,1140.3638850169955,0.0,phase5_full,10,0,0.0023924999999999997,200,9517.81880002818
0.0,10,negation_policy,0.00521000474691391,0.11111111111111116,0.34739000839181244,1.0,56.0,765.9959100041306,1.0,1.8569000094430521,936.1778000165941,1.9428250059718264,1608.3813800054477,0.0,phase5_full,10,0,0.00213,170,10715.419800078962
0.0,10,tool_state,0.007290003122761846,0.19047619047619047,0.4513400053838268,1.0,51.0,680.1040899998043,1.0,2.206699995440431,929.1055499925278,5.2072900041821395,1172.6637000145274,0.0,phase5_full,10,0,0.0017175,90,9773.45370000694
0.0,10,citation_evidence,0.005819997750222683,0.0,0.5161599954590201,1.0,65.0,781.5127899986692,1.0,2.057500008959323,984.0735999896424,3.481685010774524,1830.4519049866933,0.0,phase5_full,10,0,0.0023325,190,11445.11619998957
0.0,10,multi_hop,0.006439993740059435,0.0,0.5986600008327514,1.0,71.0,627.2271999972872,1.0,2.5425500061828643,924.7950999997556,3.195840009720996,1051.7279749852605,0.0,phase5_full,10,0,0.0023175,150,9372.38859993522
0.022222222222222223,90,all,0.006253331796162658,0.0,0.49081110790009713,0.9833333333333333,63.666666666666664,693.5357499987326,0.9833333333333333,1.2356999795883894,954.6520499861799,2.170785008638631,1415.6375249818666,0.5555555555555556,phase5_v040,90,0,0.0194355,1324,92732.35039971769
0.0,10,dependency,0.006719995872117579,0.0,0.5247299937764183,1.0,68.0,702.2292999987258,1.0,1.3379499869188294,927.9807499842718,1.8302450029295865,1444.3308049856569,1.0,phase5_v040,10,0,0.0021525,120,10437.514599965652
0.1,10,supersession,0.005429997690953314,0.0,0.4167100094491616,0.9,48.0,678.245860003517,0.9,1.2067500065313652,858.5604499967303,1.4170550057315268,1227.7536200213942,1.0,phase5_v040,10,0,0.0017025,80,9562.820500024827
0.0,10,contradiction,0.006509997183457017,0.0,0.5173699872102588,1.0,53.0,615.7700500014471,1.0,1.3914500013925135,884.5858999993652,2.0093400016776286,1038.7523649900686,1.0,phase5_v040,10,0,0.0016425,60,8984.4913999259
0.0,10,exact_numeric,0.00530999677721411,0.0,0.39328999700956047,1.0,76.0,615.2352499950211,1.0,1.168100003269501,984.3787499994505,1.2201749821542762,1171.023335002246,0.0,phase5_v040,10,0,0.0027480000000000004,264,10188.299100002041
0.0,10,identifier,0.005729999975301325,0.0,0.43459999724291265,1.0,66.0,640.4263700009324,1.0,1.2158500030636787,935.9979500004556,1.3148499871022068,1393.2809949939838,0.0,phase5_v040,10,0,0.0023924999999999997,200,10173.376599967014
0.0,10,negation_policy,0.005450003664009273,0.0,0.4147899919189513,1.0,63.0,787.2691500000656,1.0,1.2277500063646585,1022.396549989935,1.2471349924453534,1848.7580599889031,1.0,phase5_v040,10,0,0.0022575,170,11548.040299967397
0.1,10,tool_state,0.0076700031058862805,0.0,0.6186899991007522,0.95,63.0,862.5190899911104,0.95,1.3329500070540234,951.9464999902993,2.7412199910031627,2129.549064986348,1.0,phase5_v040,10,0,0.0018900000000000002,90,11588.593799941009
0.0,10,citation_evidence,0.006849993951618671,0.0,0.5190999974729493,1.0,65.0,637.7120100019965,1.0,1.1718999885488302,960.6228999909945,2.698019996751097,1207.6155299888342,0.0,phase5_v040,10,0,0.0023325,190,9989.243399933912
0.0,10,multi_hop,0.006609997944906354,0.0,0.5780199979199097,1.0,71.0,702.4146699957782,1.0,1.4998000115156174,954.8728499939898,1.9811550053418607,1324.4633450056426,0.0,phase5_v040,10,0,0.0023175,150,10259.970699989935
